epoch,train_loss,val_auroc,minutes
0,0.1249125759361413,0.8004079288581544,1.74
1,0.0746569013441242,0.7928798948502682,3.44
2,0.0716832107977222,0.8142680370865947,5.16
3,0.0690625812941781,0.8335070040615269,6.82
4,0.06823904794407265,0.8616535032148819,8.53
5,0.0653727216065348,0.8498596819457438,10.18
6,0.06414271974304607,0.8615528531337697,11.89
7,0.05989641235512724,0.8517542717078543,13.52
8,0.059747830728391536,0.8737167114658204,15.11
9,0.056636846044213304,0.8308989828421214,16.8
10,0.05343029603551487,0.7884098471302885,18.47
11,0.054278855278000825,0.8498508010562338,20.14
